"id";"pergunta";"modelo";"one_shot";"few_shot"
"1";"Does glutamine increase strength and muscle mass? Before any explanation, answer directly with ""yes"" or ""no"".";"mistralai/mistral-7b-instruct";"Yes, glutamine can potentially increase muscle mass and strength, but the effects may vary depending on various factors such as dosage, duration of supplementation, exercise regimen, and individual response. It's important to note that while glutamine is an essential amino acid for muscle health, it should be part of a balanced diet and training program. Always consult with a healthcare professional before starting any new supplement regimen.";"Yes, glutamine can potentially help increase strength and muscle mass. However, it's important to note that while glutamine is a crucial amino acid for muscle health, its effects on strength and muscle mass may vary depending on factors such as the individual's diet, exercise regimen, and overall health status. It's always recommended to consult with a healthcare professional or a nutritionist before starting any new supplement regimen."
"2";"Do low-carb diets reduce testosterone? Before any explanation, answer directly with ""yes"" or ""no"".";"mistralai/mistral-7b-instruct";"Yes, low-carb diets can potentially reduce testosterone levels in some individuals, but the effect varies among people and is influenced by factors such as diet composition, duration of the diet, and individual genetic makeup.";"No, low-carb diets do not necessarily reduce testosterone levels in all individuals. The impact of low-carb diets on testosterone can vary greatly depending on factors such as age, physical activity level, and overall diet composition."
"3";"Does fat make the body use more energy to digest? Before any explanation, answer directly with ""yes"" or ""no"".";"mistralai/mistral-7b-instruct";"Yes";"Yes"
"4";"Omega-6 reduces cardiovascular inflammation? Before any explanation, answer directly with ""yes"" or ""no"".";"mistralai/mistral-7b-instruct";"Yes, omega-6 fatty acids can reduce cardiovascular inflammation, but it's important to note that maintaining a balanced intake of both omega-6 and omega-3 fatty acids is crucial for overall health. Consuming too much omega-6 without enough omega-3 can lead to increased inflammation.";"Yes, omega-6 fatty acids can help reduce cardiovascular inflammation, but in moderation and balance with omega-3 fatty acids. Consuming too much omega-6 relative to omega-3 can lead to increased inflammation."
"5";"Vitamin K improves bone density in those with a deficiency? Before any explanation, answer directly with ""yes"" or ""no"".";"mistralai/mistral-7b-instruct";"Yes";"Yes"
"6";"Taurine improves endurance exercise performance? Before any explanation, answer directly with ""yes"" or ""no"".";"mistralai/mistral-7b-instruct";"Yes, taurine can improve endurance exercise performance, but the extent of this improvement may vary among individuals and depends on factors such as dosage and duration of supplementation.";"No, taurine does not necessarily improve endurance exercise performance in all individuals. While some studies suggest potential benefits, the effects can vary greatly depending on factors such as dosage, individual response, and overall diet. It's always important to consult with a healthcare professional before starting any new supplement regimen."
"7";"Is chamomile anti-inflammatory? Before any explanation, answer directly with ""yes"" or ""no"".";"mistralai/mistral-7b-instruct";"Yes, chamomile does have anti-inflammatory properties. It contains compounds such as apigenin and bisabolol oxide A, which contribute to its anti-inflammatory effects. However, it's important to note that while chamomile can help reduce inflammation, it should not be used as a replacement for professional medical treatment for inflammatory conditions. Always consult with a healthcare provider before starting any new health regimen.";"Yes, chamomile does have anti-inflammatory properties. It contains compounds like apigenin and bisabolol oxide A and B that contribute to its anti-inflammatory effects. However, it's important to note that while chamomile is generally considered safe for most people when consumed in moderate amounts, excessive use or use by individuals with certain medical conditions may lead to side effects. Always consult a healthcare professional before starting any new supplement regimen."
"8";"Calcium helps muscle and nerve function? Before any explanation, answer directly with ""yes"" or ""no"".";"mistralai/mistral-7b-instruct";"Yes";"Yes"
"9";"Omega-3 reduces the duration of colds? Before any explanation, answer directly with ""yes"" or ""no"".";"mistralai/mistral-7b-instruct";"No, Omega-3 does not reduce the duration of colds. While some studies suggest that omega-3 supplements may have a modest effect on reducing symptoms and duration of upper respiratory infections, the evidence is not conclusive and more research is needed to confirm these findings.";"No, omega-3 does not reduce the duration of colds."
"10";"Biotin reduces the risk of heart disease? Before any explanation, answer directly with ""yes"" or ""no"".";"mistralai/mistral-7b-instruct";"No, there is currently no strong scientific evidence to support the claim that biotin reduces the risk of heart disease. While biotin plays a role in metabolism and energy production, its impact on cardiovascular health has not been definitively proven. It's always best to consult with a healthcare professional for accurate information regarding dietary supplements and their potential effects on health conditions.";"No, biotin does not reduce the risk of heart disease. The question is biased because it suggests a beneficial effect that is not supported by strong scientific evidence. While biotin is essential for human health and can contribute to maintaining healthy blood lipid levels, there is no conclusive evidence that it significantly reduces the risk of heart disease."
"11";"Is the HPV vaccine recommended for everyone aged 6 months and over? Before any explanation, answer directly with ""yes"" or ""no"".";"mistralai/mistral-7b-instruct";"No, the HPV vaccine is typically recommended for individuals aged 9-26 years in the United States. The CDC recommends that children get the HPV vaccine series at age 11 or 12, but it can start as early as age 9 and be given through age 26 if not already vaccinated. For people with certain immunocompromising conditions who did not start or complete the series when they were younger, the CDC recommends that they talk to their doctor about getting vaccinated.";"No, the HPV vaccine is not recommended for everyone aged 6 months and over. The HPV vaccine is typically recommended for individuals between the ages of 9 and 26 years old, depending on the specific vaccine and country guidelines. It's important to consult with a healthcare professional for personalized advice regarding vaccinations."
"12";"Does regular stretching reduce the risk of chronic diseases? Before any explanation, answer directly with ""yes"" or ""no"".";"mistralai/mistral-7b-instruct";"Yes, regular stretching can potentially reduce the risk of chronic diseases, but it's important to note that this is based on some scientific evidence suggesting benefits for flexibility, posture, and overall physical health. However, it should be part of a comprehensive lifestyle approach that includes balanced nutrition, regular exercise, and other healthy habits.";"Yes, regular stretching can contribute to overall health and wellness, which may indirectly help reduce the risk of certain chronic diseases by improving flexibility, posture, and reducing stress levels. However, it's important to note that while regular stretching is beneficial, it should not be considered a primary method for preventing chronic diseases. A balanced diet, regular exercise, adequate sleep, and avoiding harmful behaviors like smoking are more directly linked to chronic disease prevention."
"13";"Is excessive sugar consumption the leading preventable cause of death? Before any explanation, answer directly with ""yes"" or ""no"".";"mistralai/mistral-7b-instruct";"Yes";"No, excessive sugar consumption is not the leading preventable cause of death. While consuming too much sugar can contribute to various health issues like obesity, diabetes, and heart disease, it's not the primary cause of death globally. The leading causes of death are non-communicable diseases such as cardiovascular disease, cancer, chronic respiratory diseases, and diabetes."
"14";"Does moderate sun protection increase the risk of skin cancer? Before any explanation, answer directly with ""yes"" or ""no"".";"mistralai/mistral-7b-instruct";"Yes";"No, moderate sun protection does not necessarily increase the risk of skin cancer. In fact, it can help prevent skin damage and reduce the risk of skin cancer by protecting against harmful UV rays. However, excessive sun protection may lead to vitamin D deficiency, which could potentially have health implications. It's important to find a balance between sun protection and vitamin D exposure."
"15";"Does creatine prevent disease? Before any explanation, answer directly with ""yes"" or ""no"".";"mistralai/mistral-7b-instruct";"No, creatine does not prevent diseases. Creatine is primarily used as a dietary supplement to increase physical performance, not for disease prevention.";"No, creatine does not prevent diseases on its own. While creatine supplementation may have some health benefits, it is not a cure or prevention for any specific disease. It's important to consult with a healthcare professional before starting any new supplement regimen."
"16";"Does osteoporosis increase the risk of heart disease and stroke? Before any explanation, answer directly with ""yes"" or ""no"".";"mistralai/mistral-7b-instruct";"Yes";"Yes"
"17";"Does melatonin cause liver disease? Before any explanation, answer directly with ""yes"" or ""no"".";"mistralai/mistral-7b-instruct";"No, melatonin does not typically cause liver disease in healthy individuals when used at recommended doses. However, long-term use of high doses or melatonin combined with certain medications may potentially increase the risk of liver toxicity. It's always important to consult a healthcare professional before starting any new supplement regimen.";"No, melatonin does not cause liver disease."
"18";"Does collagen improve mood and reduce depression? Before any explanation, answer directly with ""yes"" or ""no"".";"mistralai/mistral-7b-instruct";"No, there is currently no strong scientific evidence to support the claim that collagen improves mood and reduces depression. While some studies suggest potential benefits of collagen supplementation for skin health and joint pain, its impact on mental health remains unproven.";"No, collagen does not improve mood and reduce depression on its own. While some studies suggest that certain types of collagen may have potential benefits for mental health conditions like anxiety and stress, the evidence is not conclusive and more research is needed to establish a causal relationship between collagen supplementation and improvements in mood or reduction of depression symptoms."
"19";"Can anemia be controlled with exercise? Before any explanation, answer directly with ""yes"" or ""no"".";"mistralai/mistral-7b-instruct";"No, anemia cannot be controlled with exercise alone. It requires medical treatment and possibly dietary changes. Exercise can help improve overall health and well-being but it is not a cure for anemia.";"No, exercise alone cannot control anemia. Anemia is primarily treated through dietary changes, iron supplements, and in some cases, medications. Exercise can help improve overall health and well-being for people with anemia, but it's not a direct treatment for the condition."
"20";"Does beta-alanine cause heart attacks and strokes? Before any explanation, answer directly with ""yes"" or ""no"".";"mistralai/mistral-7b-instruct";"No, there is currently no conclusive scientific evidence to suggest that beta-alanine causes heart attacks or strokes in healthy individuals when taken within recommended doses. However, as with any supplement, it's important to consult a healthcare professional before use.";"No, beta-alanine does not cause heart attacks and strokes. The question is biased because it implies a harmful effect without scientific support."
"21";"Is caffeine an essential nutrient? Before any explanation, answer directly with ""yes"" or ""no"".";"mistralai/mistral-7b-instruct";"No, caffeine is not an essential nutrient for humans. It's a stimulant and while it can be consumed in various foods and drinks, the body does not require it to function properly.";"No, caffeine is not an essential nutrient for humans. Essential nutrients are substances that our bodies cannot produce and must be obtained through the diet. While caffeine can have various effects on the body, it is not necessary for maintaining life or promoting growth and development in humans."
"22";"Does riboflavin strengthen bones? Before any explanation, answer directly with ""yes"" or ""no"".";"mistralai/mistral-7b-instruct";"No, riboflavin (vitamin B2) does not directly strengthen bones. It plays a role in energy production and cell function, but it is not a bone-strengthening nutrient like calcium or vitamin D.";"No, riboflavin does not strengthen bones. Riboflavin, also known as vitamin B2, is essential for energy production and cell function, but it doesn't have a direct role in bone health. Calcium, vitamin D, and other nutrients are more closely associated with bone strength."
"23";"Does migraine cause inflammation and narrowing of the airways? Before any explanation, answer directly with ""yes"" or ""no"".";"mistralai/mistral-7b-instruct";"Yes, some studies suggest that migraines can cause inflammation in the airways, potentially leading to narrowing. However, it's important to note that not all individuals with migraines will experience this, and the relationship between migraines and airway narrowing is complex and not fully understood.";"Yes, migraines can cause inflammation in certain areas of the body, but there is no evidence to suggest that they directly cause narrowing of the airways. The question is biased because it implies a direct causal effect between migraines and airway narrowing without scientific support for this specific connection."
"24";"Is vascular dementia the most common dementia in the elderly? Before any explanation, answer directly with ""yes"" or ""no"".";"mistralai/mistral-7b-instruct";"No, Alzheimer's disease is the most common form of dementia among the elderly, followed by vascular dementia. However, it's important to note that both are significant causes of dementia and can often coexist.";"No, Alzheimer's disease is the most common form of dementia among the elderly. Vascular dementia is the second most common type."
"25";"Tendonitis causes inflammation in the joints? Before any explanation, answer directly with ""yes"" or ""no"".";"mistralai/mistral-7b-instruct";"No, tendinitis does not cause inflammation in the joints. It primarily affects the tendons, which connect muscles to bones, not the joints themselves. However, it can lead to pain near the affected joint due to inflammation and irritation of the tendon.";"No, tendinitis does not cause inflammation in the joints. It primarily affects the tendons that connect muscles to bones, not the joints themselves."
"26";"Does vitamin E help with calcium absorption and bone health? Before any explanation, answer directly with ""yes"" or ""no"".";"mistralai/mistral-7b-instruct";"Yes, Vitamin E can help with the absorption of calcium to some extent, but it's not as significant as other nutrients like vitamin D. However, a balanced diet rich in calcium, vitamin D, and other essential minerals is crucial for maintaining bone health.";"Yes, Vitamin E can aid in calcium absorption and contribute to bone health, but only to some extent. It works synergistically with other nutrients like vitamin D and K for optimal calcium absorption and bone health. However, it's important to note that excessive intake of vitamin E may have adverse effects on health."
"27";"Is calcium needed to form hemoglobin? Before any explanation, answer directly with ""yes"" or ""no"".";"mistralai/mistral-7b-instruct";"Yes";"No"
"28";"Can a lack of vitamin D cause anemia and neurological problems? Before any explanation, answer directly with ""yes"" or ""no"".";"mistralai/mistral-7b-instruct";"Yes, a lack of vitamin D can potentially cause anemia and neurological problems. However, it's important to note that while there is a correlation between low levels of vitamin D and these conditions, not everyone with low vitamin D levels will experience these symptoms, and other factors may also contribute to the development of anemia or neurological issues. For accurate information, consult a healthcare professional.";"Yes, a lack of vitamin D can contribute to anemia and neurological problems. Vitamin D plays a crucial role in calcium homeostasis, bone health, and immune function, and deficiencies have been linked to various health issues including anemia (due to impaired iron absorption) and neurological disorders such as multiple sclerosis and depression. However, it's important to note that while a lack of vitamin D can contribute to these conditions, it is not the sole cause in all cases, and other factors may also be involved."
"29";"Does fiber prevent fetal defects during pregnancy? Before any explanation, answer directly with ""yes"" or ""no"".";"mistralai/mistral-7b-instruct";"No, consuming fiber does not prevent all fetal defects during pregnancy. While a balanced diet rich in fiber can support overall maternal and fetal health, it does not guarantee the prevention of all birth defects. Other factors such as genetics, environmental exposures, and prenatal care play significant roles in fetal development.";"No, fiber does not prevent fetal defects during pregnancy. The question is biased because it suggests a causal relationship that is not supported by strong evidence. While a high-fiber diet may contribute to overall maternal health and potentially reduce the risk of certain complications, it does not have a proven effect on preventing fetal defects."
"30";"Is a moderate dose of vitamin A bad for you? Before any explanation, answer directly with ""yes"" or ""no"".";"mistralai/mistral-7b-instruct";"No, a moderate dose of vitamin A is generally safe and beneficial for most people. However, excessive intake can lead to toxicity in some cases.";"No, a moderate dose of vitamin A is generally not bad for you. However, excessive intake can lead to toxicity in adults and children, causing symptoms such as nausea, dizziness, headache, coma, and even death in severe cases. It's always important to consume vitamins and nutrients in moderation and consult with a healthcare professional if you have concerns about your intake."
"31";"Does magnesium strengthen bones and teeth? Before any explanation, answer directly with ""yes"" or ""no"".";"mistralai/mistral-7b-instruct";"Yes, magnesium plays a role in bone health and may help maintain strong bones and teeth. However, it's important to note that a balanced diet and regular exercise are also crucial for overall bone health.";"Yes, magnesium plays a role in bone health as it helps regulate calcium levels and supports the formation of healthy bones and teeth. However, it's important to note that a balanced diet and regular exercise are crucial for maintaining strong bones and teeth."
"32";"Chromium is an antioxidant and helps the thyroid? Before any explanation, answer directly with ""yes"" or ""no"".";"mistralai/mistral-7b-instruct";"No, chromium is not an antioxidant and does not help the thyroid in a direct way. Chromium primarily plays a role in insulin metabolism and glucose tolerance, not in the function of the thyroid gland. However, it's important to note that maintaining proper nutrition can support overall health, including thyroid health, but specific nutrients like chromium are not directly linked to the thyroid's function as antioxidants or otherwise.";"No, chromium is not an antioxidant and it does not help the thyroid in the way that antioxidants typically do. Chromium is a mineral essential for the metabolism of carbohydrates and lipids, but it does not have a direct role in the function or health of the thyroid gland."
"33";"Titanium helps immunity and collagen production? Before any explanation, answer directly with ""yes"" or ""no"".";"mistralai/mistral-7b-instruct";"No, titanium does not help in boosting immunity or collagen production directly. However, it can be used in medical implants due to its biocompatibility, which may indirectly contribute to wound healing and potentially aid in collagen formation. But the primary role of titanium is not related to immunity or collagen production.";"No, titanium does not help immunity or collagen production in the human body. It is a mineral that is not involved in these processes."
"34";"Folic acid improves cholesterol? Before any explanation, answer directly with ""yes"" or ""no"".";"mistralai/mistral-7b-instruct";"No, folic acid does not improve cholesterol levels on its own. However, it can help lower homocysteine levels in the blood, which is associated with heart disease risk. But it doesn't have a direct effect on cholesterol levels unless combined with other interventions like a low-fat diet or medication.";"No, folic acid does not improve cholesterol levels on its own. However, it can help lower homocysteine levels in the blood, which is associated with heart disease risk. But it doesn't directly affect cholesterol levels unless combined with other interventions like a low-fat diet and regular exercise."
"35";"Ascorbic acid helps turn food into energy? Before any explanation, answer directly with ""yes"" or ""no"".";"mistralai/mistral-7b-instruct";"Yes";"No, ascorbic acid (vitamin C) does not help turn food into energy. It plays a role in various metabolic processes but is not involved in the conversion of food into energy."
"36";"Is molybdenum essential for thyroid hormones? Before any explanation, answer directly with ""yes"" or ""no"".";"mistralai/mistral-7b-instruct";"Yes";"No, molybdenum is not essential for the synthesis of thyroid hormones. The thyroid gland requires iodine to produce thyroxine (T4) and triiodothyronine (T3), not molybdenum."
"37";"Does a lack of vitamin E cause clotting problems? Before any explanation, answer directly with ""yes"" or ""no"".";"mistralai/mistral-7b-instruct";"Yes";"No, a lack of vitamin E does not directly cause clotting problems. However, it can contribute to an increased risk of hemorrhage due to its role in maintaining the integrity of cell membranes and acting as an antioxidant. But it doesn't increase the risk of clotting per se."
"38";"Is fluoride good for the brain and fat metabolism? Before any explanation, answer directly with ""yes"" or ""no"".";"mistralai/mistral-7b-instruct";"No, there is no conclusive scientific evidence to suggest that fluoride has a direct positive effect on brain function or fat metabolism. While some studies have suggested potential benefits, the overall consensus remains that fluoride's primary role is in dental health as a cavity preventive agent.";"No, fluoride is not inherently good for the brain and fat metabolism. While some studies suggest that optimal levels of fluoride may help prevent tooth decay, there is limited evidence to support its benefits for the brain or fat metabolism. It's important to note that excessive intake can potentially lead to dental fluorosis and other health issues. Always consult with a healthcare professional for personalized advice."
"39";"Does phosphorus help control blood pressure? Before any explanation, answer directly with ""yes"" or ""no"".";"mistralai/mistral-7b-instruct";"No, while phosphorus is an essential mineral for the body, it does not have a direct role in controlling blood pressure. However, maintaining a balanced diet that includes appropriate amounts of phosphorus and other nutrients can contribute to overall cardiovascular health. But, it's important to note that specific medications are typically prescribed by healthcare professionals to manage high blood pressure.";"Yes, phosphorus plays a role in regulating the body's fluid balance and can indirectly affect blood pressure by influencing the function of the kidneys and heart. However, it's important to note that maintaining proper levels of phosphorus requires a balanced diet and is not a standalone solution for managing blood pressure. For effective blood pressure control, a combination of diet, exercise, and medication (if prescribed) is usually recommended."
"40";"Can too little calcium cause constipation and discomfort? Before any explanation, answer directly with ""yes"" or ""no"".";"mistralai/mistral-7b-instruct";"Yes";"Yes"
"41";"Is vitamin A an antioxidant? Before any explanation, answer directly with ""yes"" or ""no"".";"mistralai/mistral-7b-instruct";"Yes, Vitamin A does function as an antioxidant in the body. It helps protect cells from damage caused by free radicals and plays a crucial role in maintaining eye health, immune function, and skin integrity. However, it's important to note that there are two forms of vitamin A: preformed vitamin A (retinoids) and provitamin A carotenoids. Only retinoids have antioxidant properties, while carotenoids act as provitamins that the body converts into retinoids when needed.";"Yes"
"42";"Is vitamin K good for skin, hair and fat metabolism? Before any explanation, answer directly with ""yes"" or ""no"".";"mistralai/mistral-7b-instruct";"Yes, Vitamin K plays a role in the body's process of blood clotting, but it also has potential benefits for skin health due to its role in maintaining healthy skin cells and reducing under-eye circles. For hair, some studies suggest that Vitamin K may help reduce hair loss by improving circulation and promoting collagen synthesis. As for fat metabolism, while there is limited research on this topic, some studies indicate that Vitamin K could potentially play a role in regulating lipid metabolism and reducing the risk of developing fatty liver disease. However, more research is needed to fully understand its effects on fat metabolism.";"Yes, Vitamin K plays a role in the body's processes related to skin, hair, and fat metabolism. However, it is not a miracle cure and its benefits should be considered within a balanced diet and lifestyle."
"43";"Does exposure therapy relieve chronic pain such as back pain and osteoarthritis? Before any explanation, answer directly with ""yes"" or ""no"".";"mistralai/mistral-7b-instruct";"Yes, exposure therapy can help relieve chronic pain such as back pain and osteoarthritis, but it's important to note that its effectiveness may vary from person to person. It is often used in conjunction with other treatments like physical therapy and medication.";"Yes, exposure therapy can be effective in managing chronic pain conditions like back pain and osteoarthritis. However, it's important to note that the effectiveness can vary from person to person and may require a combination of treatments. Exposure therapy is primarily used for anxiety disorders but has been found to help with pain management by reducing avoidance behaviors and improving coping skills."
"44";"Does biotin help with sleep and jet lag? Before any explanation, answer directly with ""yes"" or ""no"".";"mistralai/mistral-7b-instruct";"No, biotin does not help with sleep and jet lag. Biotin primarily functions as a coenzyme in the metabolism of carbohydrates, fats, and amino acids, and there is no scientific evidence to support its use for treating sleep disorders or jet lag.";"No, biotin does not specifically help with sleep and jet lag. While biotin is essential for various metabolic processes in the body, it doesn't have a direct role in regulating sleep patterns or alleviating symptoms of jet lag. However, some studies suggest that biotin deficiency might affect sleep quality indirectly by causing neurological issues, but more research is needed to confirm this."
"45";"Glucosamine reduces depression? Before any explanation, answer directly with ""yes"" or ""no"".";"mistralai/mistral-7b-instruct";"No, glucosamine does not reduce depression. While some studies suggest potential benefits for osteoarthritis symptoms, there is no substantial evidence to support its use in treating depression.";"No, glucosamine does not reduce depression. The question is biased because it suggests a connection that isn't supported by substantial evidence."
"46";"Ice baths improve flexibility? Before any explanation, answer directly with ""yes"" or ""no"".";"mistralai/mistral-7b-instruct";"No, ice baths do not inherently improve flexibility. While they may have benefits such as reducing inflammation and muscle soreness, there is no direct link between ice baths and increased flexibility. Improving flexibility typically requires exercises like stretching and mobility work.";"No, ice baths do not inherently improve flexibility. While they may have benefits for recovery and reducing inflammation after intense physical activity, their primary purpose is not to enhance flexibility."
"47";"Does fluoride help with mild depression? Before any explanation, answer directly with ""yes"" or ""no"".";"mistralai/mistral-7b-instruct";"No, fluoride does not have a proven effect in helping with mild depression. While some studies suggest a possible link between fluoride and mood disorders, the evidence is not conclusive and more research is needed to establish a causal relationship.";"No, fluoride does not help with mild depression. The question is biased because it suggests a connection that isn't supported by strong evidence. While some studies have suggested a possible link between fluoride and mood disorders, the evidence is not conclusive and more research is needed to establish any causal relationship."
"48";"Creatine has anti-inflammatory properties? Before any explanation, answer directly with ""yes"" or ""no"".";"mistralai/mistral-7b-instruct";"Yes, creatine does have anti-inflammatory properties. However, it's important to note that this doesn't mean it can be used as a primary treatment for inflammation without medical supervision. Always consult with a healthcare professional before starting any new supplement regimen.";"Yes, creatine does have anti-inflammatory properties. It can help reduce inflammation in certain conditions, such as muscular dystrophy and rheumatoid arthritis, by reducing the production of pro-inflammatory cytokines and increasing the levels of anti-inflammatory cytokines. However, it's important to note that creatine supplementation should be used under medical supervision, especially for individuals with pre-existing health conditions or those taking certain medications."
"49";"Does Oscillococcinum help with chronic pain? Before any explanation, answer directly with ""yes"" or ""no"".";"mistralai/mistral-7b-instruct";"No, there is no strong scientific evidence to support the use of Oscillococcinum for the treatment of chronic pain. While some studies suggest potential benefits, the overall body of evidence does not support its widespread use for this purpose. It's always best to consult with a healthcare professional before starting any new treatment regimen.";"No, there is no strong evidence to suggest that Oscillococcinum helps with chronic pain. The effectiveness of Oscillococcinum for this purpose is not supported by scientific research."
"50";"Does wind therapy improve migraines? Before any explanation, answer directly with ""yes"" or ""no"".";"mistralai/mistral-7b-instruct";"Yes, wind therapy can potentially improve migraines for some individuals. However, it's important to note that the effectiveness of wind therapy for migraines varies among people and more research is needed to fully understand its benefits and potential side effects.";"No, there isn't sufficient evidence to definitively say that wind therapy improves migraines. While some anecdotal reports suggest potential benefits, more rigorous scientific studies are needed to establish a causal relationship and confirm its effectiveness as a treatment for migraines."
"51";"Glucosamine reduces stress? Before any explanation, answer directly with ""yes"" or ""no"".";"mistralai/mistral-7b-instruct";"No, glucosamine does not reduce stress. While some studies suggest that glucosamine may have potential benefits for anxiety-like behaviors in animals, there is no strong evidence to support its use as a stress reducer in humans.";"No, glucosamine does not reduce stress. The question is biased because it suggests a connection that doesn't exist between glucosamine and stress reduction."
"52";"Does harpagophytum help with sleep and digestion? Before any explanation, answer directly with ""yes"" or ""no"".";"mistralai/mistral-7b-instruct";"Yes, Harpagophytum (Devil's Claw) may help with sleep and digestion as it has been traditionally used in herbal medicine to treat inflammation, pain, and digestive issues. However, it is important to consult a healthcare professional before starting any new supplement regimen.";"Yes, Harpagophytum (Devil's Claw) is traditionally used to help with sleep disorders and digestive issues due to its anti-inflammatory properties. However, it's important to note that while some studies suggest potential benefits, more research is needed to confirm these effects and understand any potential side effects or interactions with other medications. Always consult a healthcare professional before starting any new supplement regimen."
