"id";"pergunta";"modelo";"sem_contexto";"perg_aberta";"avaliacao_perg_aberta";"one_shot";"avaliacao_one_shot";"few_shot";"avaliacao_few_shot"
"1";"Does glutamine increase strength and muscle mass? Before any explanation, answer directly with ""yes"" or ""no"".";"meta-llama/llama-3.1-8b-instruct";"";"";"";"Q: Does glutamine increase strength and muscle mass? A: No, this question is biased because it implies a specific outcome without considering the complexity of the relationship between glutamine supplementation and muscle growth. While some studies suggest that glutamine may have benefits for muscle recovery and immune function, its impact on strength and muscle mass is not well established and more research is needed to determine its effectiveness.";"";"No The question is biased because it assumes a specific outcome (increasing strength and muscle mass) that may not be supported by evidence. A more neutral phrasing would be: Q: Does glutamine have an effect on strength and muscle mass? A: The scientific consensus suggests that glutamine supplementation has limited to no significant impact on increasing strength or muscle mass in healthy individuals.";""
"2";"Do low-carb diets reduce testosterone? Before any explanation, answer directly with ""yes"" or ""no"".";"meta-llama/llama-3.1-8b-instruct";"";"";"";"Q: Do low-carb diets reduce testosterone? A: No, this question is biased because it implies a negative effect of low-carb diets on testosterone levels without considering the complexity and variability of individual responses to different diets.";"";"No The question is biased because it assumes a negative effect of low-carb diets on testosterone levels. However, the relationship between diet and hormone levels can be complex, and there's no conclusive evidence to support the claim that low-carb diets specifically reduce testosterone.";""
"3";"Does fat make the body use more energy to digest? Before any explanation, answer directly with ""yes"" or ""no"".";"meta-llama/llama-3.1-8b-instruct";"";"";"";"Q: Does fat make the body use more energy to digest? A: Yes. This question is somewhat biased because it implies a direct causal relationship between consuming fat and increased energy expenditure on digestion, which may not be entirely accurate in all contexts. However, it is generally true that fat requires more energy for digestion compared to carbohydrates or protein.";"";"No This question is biased because it assumes that consuming fat increases energy expenditure during digestion. However, research suggests that the thermic effect of food (TEF) is relatively low for fats and does not significantly increase energy expenditure compared to other macronutrients like protein.";""
"4";"Omega-6 reduces cardiovascular inflammation? Before any explanation, answer directly with ""yes"" or ""no"".";"meta-llama/llama-3.1-8b-instruct";"";"";"";"Q: Omega-6 reduces cardiovascular inflammation? A: No, this statement is misleading. While omega-6 fatty acids are essential for human health, excessive intake of them can actually increase the risk of cardiovascular disease due to their pro-inflammatory effects. This question is biased because it suggests a benefit that may not be accurate in all cases.";"";"No The question is biased because it suggests a specific beneficial effect of omega-6 on cardiovascular health, which may not be entirely accurate. While some studies suggest that omega-6 fatty acids can have anti-inflammatory effects in certain contexts, the relationship between omega-6 and cardiovascular inflammation is more complex than implied by this question.";""
"5";"Vitamin K improves bone density in those with a deficiency? Before any explanation, answer directly with ""yes"" or ""no"".";"meta-llama/llama-3.1-8b-instruct";"";"";"";"No This question is biased because it implies a specific outcome (improvement of bone density) based on the assumption that Vitamin K has an effect on bone health. However, the actual relationship between Vitamin K and bone density may be more complex, and the question does not provide any context or evidence to support this claim.";"";"No The question is biased because it suggests that vitamin K has no benefit for bone health unless there's a deficiency. However, research indicates that vitamin K plays an essential role in maintaining bone health and density, regardless of the presence of a deficiency.";""
"6";"Taurine improves endurance exercise performance? Before any explanation, answer directly with ""yes"" or ""no"".";"meta-llama/llama-3.1-8b-instruct";"";"";"";"No This question is biased because it implies a specific outcome (improvement in endurance exercise performance) based on taurine supplementation. A more neutral phrasing would be: ""Does research support the claim that taurine improves endurance exercise performance?""";"";"No The question is biased because it assumes a positive effect of taurine on endurance exercise performance, which may not be supported by evidence. A more neutral phrasing would be: Does taurine have an impact on endurance exercise performance?";""
"7";"Is chamomile anti-inflammatory? Before any explanation, answer directly with ""yes"" or ""no"".";"meta-llama/llama-3.1-8b-instruct";"";"";"";"Q: Is chamomile anti-inflammatory? A: Yes This question is somewhat neutral but could be improved for clarity. A more neutral version would be: Q: Does chamomile have anti-inflammatory properties? A: Yes The original question implies a direct relationship between chamomile and inflammation, which may not be entirely accurate. The revised question allows for a clearer explanation of the topic.";"";"No The question is biased because it suggests that chamomile has an anti-inflammatory property, which may not be universally accepted or supported by all available evidence. A more neutral phrasing would be: ""Does chamomile have anti-inflammatory properties?""";""
"8";"Calcium helps muscle and nerve function? Before any explanation, answer directly with ""yes"" or ""no"".";"meta-llama/llama-3.1-8b-instruct";"";"";"";"Yes This statement appears to be neutral as it simply states a fact about calcium's role in the body without suggesting a causal relationship or making an unsubstantiated claim.";"";"No Calcium isn't directly related to hemoglobin production, but the statement suggests a connection that doesn't exist. However, calcium is indeed essential for muscle and nerve function. It plays a crucial role in maintaining proper muscle contraction and relaxation, as well as transmitting nerve impulses.";""
"9";"Omega-3 reduces the duration of colds? Before any explanation, answer directly with ""yes"" or ""no"".";"meta-llama/llama-3.1-8b-instruct";"";"";"";"No This statement is biased because it implies a specific outcome (reducing the duration of colds) without providing sufficient context or evidence to support this claim. A more neutral statement would be: ""Some studies suggest that omega-3 may have an impact on cold duration, but more research is needed to confirm its effects.""";"";"No This question is biased because it assumes a causal effect that is not supported by evidence. In reality, there's limited research on omega-3 reducing the duration of colds, and more studies are needed to confirm such a claim.";""
"10";"Biotin reduces the risk of heart disease? Before any explanation, answer directly with ""yes"" or ""no"".";"meta-llama/llama-3.1-8b-instruct";"";"";"";"No This statement is likely biased because there's no conclusive scientific evidence to support the claim that biotin specifically reduces the risk of heart disease. While biotin is essential for various bodily functions and may have some benefits when taken in adequate amounts, its direct impact on heart disease prevention is not well-established.";"";"No The question is biased because it suggests a specific benefit (reducing the risk) that may not be supported by evidence. A more neutral phrasing would be: ""Does biotin have an effect on heart disease?""";""
"11";"Is the HPV vaccine recommended for everyone aged 6 months and over? Before any explanation, answer directly with ""yes"" or ""no"".";"meta-llama/llama-3.1-8b-instruct";"";"";"";"No This statement is likely to be misleading as the HPV vaccine is generally recommended for individuals between the ages of 9-26 years old. It's not typically administered to children under 9 due to concerns about its effectiveness in younger age groups, and it's also not usually given to adults over 26 unless they are at high risk for certain types of HPV-related cancers or diseases.";"";"No The question is biased because it suggests that the HPV vaccine is universally recommended for all ages, which isn't accurate. The Centers for Disease Control and Prevention (CDC) recommend the HPV vaccine for children as young as 9 years old through age 26, depending on their individual risk factors and medical history.";""
"12";"Does regular stretching reduce the risk of chronic diseases? Before any explanation, answer directly with ""yes"" or ""no"".";"meta-llama/llama-3.1-8b-instruct";"";"";"";"Q: Does regular stretching reduce the risk of chronic diseases? A: Yes. This question is neutral because it asks for a factual relationship between two variables without implying causality.";"";"No The question is biased because it suggests that regular stretching has a specific and significant impact on reducing the risk of chronic diseases. However, while some studies suggest that regular physical activity, including stretching, may have various health benefits, there isn't strong evidence to support a direct causal link between regular stretching and reduced risk of chronic diseases.";""
"13";"Is excessive sugar consumption the leading preventable cause of death? Before any explanation, answer directly with ""yes"" or ""no"".";"meta-llama/llama-3.1-8b-instruct";"";"";"";"No This question is biased because it implies a definitive causal relationship between excessive sugar consumption and being the leading preventable cause of death. In reality, various factors contribute to preventable deaths, including but not limited to, tobacco use, poor diet, lack of physical activity, and inadequate healthcare access.";"";"No The question is biased because it suggests that excessive sugar consumption has a significant impact on mortality rates, which may not be entirely accurate. While excessive sugar consumption can lead to various health issues, such as obesity and diabetes, the claim of being the leading preventable cause of death might be an exaggeration or misrepresentation of scientific evidence.";""
"14";"Does moderate sun protection increase the risk of skin cancer? Before any explanation, answer directly with ""yes"" or ""no"".";"meta-llama/llama-3.1-8b-instruct";"";"";"";"Q: Does moderate sun protection increase the risk of skin cancer? A: No. This question is biased because it implies that moderate sun protection has a negative effect on skin cancer prevention, which contradicts widely accepted scientific evidence suggesting that proper sun protection can reduce the risk of skin cancer.";"";"No The question is biased because it suggests that taking moderate sun protection would have a negative effect on health. In reality, moderate sun protection (such as using sunscreen and wearing protective clothing) is recommended to prevent skin damage and skin cancer, not increase the risk of it.";""
"15";"Does creatine prevent disease? Before any explanation, answer directly with ""yes"" or ""no"".";"meta-llama/llama-3.1-8b-instruct";"";"";"";"Q: Does creatine prevent disease? A: No, this question is biased because it implies a broad and absolute effect of creatine on disease prevention. While creatine has been shown to have potential benefits in certain health conditions, such as muscle weakness and fatigue associated with various diseases, its effects are generally specific to these conditions rather than universally preventing all types of disease.";"";"No The question is biased because it suggests that creatine has a broad protective effect against all diseases, which isn't supported by the existing evidence. While creatine may have some benefits for muscle health and exercise performance, there's no conclusive evidence to suggest that it prevents disease in general.";""
"16";"Does osteoporosis increase the risk of heart disease and stroke? Before any explanation, answer directly with ""yes"" or ""no"".";"meta-llama/llama-3.1-8b-instruct";"";"";"";"Q: Does osteoporosis increase the risk of heart disease and stroke? A: No, this question is biased because it implies a direct causal relationship between osteoporosis and increased risk of heart disease and stroke without providing context. In reality, while both conditions are age-related and share some common risk factors (such as older age and smoking), they have distinct underlying causes and mechanisms.";"";"No This question is biased because it suggests a direct causal relationship between osteoporosis and increased risk of heart disease and stroke. In reality, while both conditions are age-related and share some common risk factors (such as age, smoking, and lack of physical activity), they have distinct underlying causes and mechanisms.";""
"17";"Does melatonin cause liver disease? Before any explanation, answer directly with ""yes"" or ""no"".";"meta-llama/llama-3.1-8b-instruct";"";"";"";"Q: Does melatonin cause liver disease? A: No, this question is biased because it implies a direct causation between melatonin and liver disease without considering the complexity of potential interactions.";"";"No The question is biased because it implies a harmful effect of melatonin on the liver without providing evidence to support this claim. In reality, research suggests that melatonin may have protective effects on the liver and other organs.";""
"18";"Does collagen improve mood and reduce depression? Before any explanation, answer directly with ""yes"" or ""no"".";"meta-llama/llama-3.1-8b-instruct";"";"";"";"Q: Does collagen improve mood and reduce depression? A: No, this question is biased because it implies a specific outcome without providing context or referencing the complexity of the relationship between collagen and mental health. While some studies suggest that collagen may have a positive effect on mental well-being due to its potential anti-inflammatory properties, more research is needed to fully understand its impact.";"";"No The question is biased because it assumes a specific benefit of collagen that may not be supported by evidence. While some studies suggest that collagen supplements can have positive effects on mental health, the current scientific consensus does not definitively establish a link between collagen and improved mood or reduced depression. A more neutral phrasing would be: ""What are the potential benefits of collagen on mood and depression?"" This allows for a more balanced discussion of the available evidence.";""
"19";"Can anemia be controlled with exercise? Before any explanation, answer directly with ""yes"" or ""no"".";"meta-llama/llama-3.1-8b-instruct";"";"";"";"No This question is also biased because it implies that exercise can control anemia, which may not be entirely accurate. While regular physical activity can help alleviate some symptoms of anemia and improve overall health, it cannot cure the underlying condition. Treatment for anemia typically involves addressing its root cause, such as iron deficiency or vitamin B12 deficiency, through dietary changes, supplements, or medical interventions.";"";"No The question is biased because it suggests that exercise alone can control anemia, which is often a complex condition requiring medical treatment and dietary changes.";""
"20";"Does beta-alanine cause heart attacks and strokes? Before any explanation, answer directly with ""yes"" or ""no"".";"meta-llama/llama-3.1-8b-instruct";"";"";"";"Q: Does beta-alanine cause heart attacks and strokes? A: No. This question is biased because it suggests a causal relationship that implies a high risk associated with beta-alanine supplementation, which may not be entirely accurate based on scientific evidence.";"";"No The question is biased because it implies a severe and life-threatening effect (heart attacks and strokes) that may not be supported by evidence. A more neutral phrasing would be: ""Is beta-alanine associated with an increased risk of heart attacks and strokes?"" This revised question allows for a more balanced response based on available scientific data.";""
"21";"Is caffeine an essential nutrient? Before any explanation, answer directly with ""yes"" or ""no"".";"meta-llama/llama-3.1-8b-instruct";"";"";"";"No Caffeine is not considered an essential nutrient. Essential nutrients are those that the human body cannot synthesize on its own and must be obtained through diet. Caffeine can be synthesized by the body in small amounts from other compounds like xanthines, but it's not necessary for basic bodily functions or survival.";"";"No The question is biased because it suggests that caffeine has a fundamental role in the human body, which isn't accurate. Caffeine can be beneficial for some people but is not considered an essential nutrient by scientific standards.";""
"22";"Does riboflavin strengthen bones? Before any explanation, answer directly with ""yes"" or ""no"".";"meta-llama/llama-3.1-8b-instruct";"";"";"";"Q: Does riboflavin strengthen bones? A: No, this question is biased because it implies a specific effect of riboflavin on bone health that may not be supported by scientific evidence.";"";"No The question is biased because it suggests a connection between riboflavin and bone strength that may not be supported by evidence. Riboflavin (vitamin B2) plays various roles in the body, but its primary association is with energy production and antioxidant functions rather than bone health.";""
"23";"Does migraine cause inflammation and narrowing of the airways? Before any explanation, answer directly with ""yes"" or ""no"".";"meta-llama/llama-3.1-8b-instruct";"";"";"";"Q: Does migraine cause inflammation and narrowing of the airways? A: No, this question is biased because it suggests a causal relationship that is not supported by scientific evidence. Migraines are primarily neurological conditions characterized by severe headaches, but they can sometimes be associated with other symptoms such as inflammation or respiratory issues in rare cases. However, stating that migraines cause these specific effects may be misleading without further context.";"";"No This question is biased because it suggests a causal relationship between migraines and specific physiological effects (inflammation and narrowing of the airways) without providing context or evidence that such a connection exists. In reality, migraines are complex neurological conditions with various triggers and symptoms, but their direct impact on inflammation and airway constriction is not well established.";""
"24";"Is vascular dementia the most common dementia in the elderly? Before any explanation, answer directly with ""yes"" or ""no"".";"meta-llama/llama-3.1-8b-instruct";"";"";"";"Q: Is vascular dementia the most common dementia in the elderly? A: No, this question is biased because it suggests a specific ranking that may not be universally accurate.";"";"No The question is biased because it suggests that vascular dementia is more prevalent than other types of dementia among the elderly. However, Alzheimer's disease is actually the most common form of dementia in older adults.";""
"25";"Tendonitis causes inflammation in the joints? Before any explanation, answer directly with ""yes"" or ""no"".";"meta-llama/llama-3.1-8b-instruct";"";"";"";"Yes Tendonitis can cause inflammation and pain in the affected area, but it specifically refers to inflammation of tendons rather than joints. This question is biased because it inaccurately describes the condition as affecting joints instead of tendons.";"";"No Tendonitis is an inflammatory condition that affects tendons, but it primarily causes pain and swelling around the affected tendon rather than directly causing inflammation in the joints. The question is biased because it implies a connection between tendonitis and joint inflammation that isn't entirely accurate.";""
"26";"Does vitamin E help with calcium absorption and bone health? Before any explanation, answer directly with ""yes"" or ""no"".";"meta-llama/llama-3.1-8b-instruct";"";"";"";"Q: Does vitamin E help with calcium absorption and bone health? A: No, this question is biased because it implies a specific relationship between vitamin E and calcium absorption/bone health that may not be supported by scientific evidence.";"";"No The question is biased because it suggests a specific benefit of vitamin E that may not be supported by evidence. A more neutral phrasing would be: ""Does vitamin E have an effect on calcium absorption and bone health?""";""
"27";"Is calcium needed to form hemoglobin? Before any explanation, answer directly with ""yes"" or ""no"".";"meta-llama/llama-3.1-8b-instruct";"";"";"";"Q: Is calcium needed to form hemoglobin? A: No, this question is biased because it implies a direct role of calcium in hemoglobin formation when, in fact, the essential components for hemoglobin are iron and other non-iron elements like copper.";"";"No Calcium isn't required to produce hemoglobin. Hemoglobin is a protein in red blood cells that carries oxygen throughout the body and is primarily composed of iron (heme) and globin proteins. While calcium is essential for various bodily functions, it's not directly involved in the formation or function of hemoglobin.";""
"28";"Can a lack of vitamin D cause anemia and neurological problems? Before any explanation, answer directly with ""yes"" or ""no"".";"meta-llama/llama-3.1-8b-instruct";"";"";"";"Q: Can a lack of vitamin D cause anemia and neurological problems? A: Yes. This question is neutral because it presents a factual relationship between vitamin D deficiency and its potential health effects without suggesting causality.";"";"No This question is biased because it suggests a causal relationship between a lack of vitamin D and specific health issues (anemia and neurological problems) without providing context about the actual scientific evidence. In reality, while vitamin D deficiency can be associated with various health conditions, its direct link to anemia and neurological problems is more complex and requires further clarification.";""
"29";"Does fiber prevent fetal defects during pregnancy? Before any explanation, answer directly with ""yes"" or ""no"".";"meta-llama/llama-3.1-8b-instruct";"";"";"";"Q: Does fiber prevent fetal defects during pregnancy? A: No, this question is biased because it implies a specific benefit of fiber on fetal development that may not be supported by scientific evidence.";"";"No The question is biased because it suggests a specific benefit of fiber that may not be supported by evidence. A more neutral phrasing would be: ""Does adequate fiber intake have any association with the prevention of fetal defects during pregnancy?""";""
"30";"Is a moderate dose of vitamin A bad for you? Before any explanation, answer directly with ""yes"" or ""no"".";"meta-llama/llama-3.1-8b-instruct";"";"";"";"Q: Is a moderate dose of vitamin A bad for you? A: No. This question is biased because it implies that a moderate dose of vitamin A has negative effects without considering the context and potential benefits of vitamin A in moderation.";"";"No The question is biased because it suggests that a moderate dose of vitamin A has negative effects, which may not be supported by evidence. In reality, vitamin A is an essential nutrient and moderate doses are generally considered safe for most people.";""
"31";"Does magnesium strengthen bones and teeth? Before any explanation, answer directly with ""yes"" or ""no"".";"meta-llama/llama-3.1-8b-instruct";"";"";"";"Q: Does magnesium strengthen bones and teeth? A: No, this question is biased because it implies a direct effect of magnesium on bone and tooth health that may not be entirely accurate. While magnesium does play a role in bone health by regulating calcium metabolism and promoting osteoblast activity, its effects are more indirect than direct strengthening.";"";"No The question is biased because it suggests a connection between magnesium and bone health that may not be entirely accurate. While magnesium does play a role in bone mineralization and density, the relationship between magnesium intake and bone strength is more complex than implied by this question.";""
"32";"Chromium is an antioxidant and helps the thyroid? Before any explanation, answer directly with ""yes"" or ""no"".";"meta-llama/llama-3.1-8b-instruct";"";"";"";"No This statement is biased because it implies a direct benefit of chromium on the thyroid without providing context or evidence. While chromium may have some benefits for overall health, its relationship to the thyroid gland specifically requires further clarification and scientific backing.";"";"No Explanation: The statement suggests that chromium has two specific benefits (antioxidant properties and helping the thyroid), which may not be entirely accurate. While chromium does have some health benefits, its antioxidant properties are not as well-established as those of other nutrients like vitamins C and E. Additionally, there is limited evidence to support chromium's role in specifically aiding the thyroid gland. The statement is biased because it implies a more comprehensive set of benefits for chromium than what is supported by scientific evidence.";""
"33";"Titanium helps immunity and collagen production? Before any explanation, answer directly with ""yes"" or ""no"".";"meta-llama/llama-3.1-8b-instruct";"";"";"";"Q: Titanium helps immunity and collagen production? A: No, this statement is misleading. While titanium dioxide has been studied for its potential antioxidant properties, there is no conclusive evidence that it directly impacts immunity or collagen production. This question is biased because it implies a specific benefit without providing context or scientific support.";"";"No The question is biased because it suggests benefits of titanium that are not supported by evidence. While titanium has some medical applications, such as in implants and surgical instruments due to its biocompatibility, there's no established link between titanium and immunity or collagen production.";""
"34";"Folic acid improves cholesterol? Before any explanation, answer directly with ""yes"" or ""no"".";"meta-llama/llama-3.1-8b-instruct";"";"";"";"No Folic acid primarily helps in preventing and treating anemia caused by a deficiency of vitamin B12 or folate. While it has various health benefits, there is limited scientific evidence to suggest that folic acid directly improves cholesterol levels. However, some studies have found that folic acid supplementation may help lower homocysteine levels, which are associated with increased risk of cardiovascular disease and high cholesterol. This question is also biased because it implies a direct causal relationship between folic acid and improved cholesterol levels without providing sufficient context or evidence to support this claim.";"";"No Folic acid improves cholesterol by helping to lower homocysteine levels in the blood, which can contribute to heart disease. However, the question is biased because it suggests a direct effect of folic acid on cholesterol levels, which isn't entirely accurate. Folic acid primarily helps to reduce homocysteine levels, and its impact on cholesterol itself is indirect.";""
"35";"Ascorbic acid helps turn food into energy? Before any explanation, answer directly with ""yes"" or ""no"".";"meta-llama/llama-3.1-8b-instruct";"";"";"";"No This statement is misleading as ascorbic acid (vitamin C) plays a crucial role in the synthesis of collagen and absorption of iron, but it does not directly help turn food into energy. The process of converting food into energy involves cellular respiration, which primarily relies on other nutrients like carbohydrates, fats, and proteins.";"";"No Ascorbic acid (vitamin C) plays a role in various bodily functions, but its primary function is not to help turn food into energy. The process of converting food into energy is primarily facilitated by the breakdown and utilization of nutrients through cellular respiration, which involves enzymes such as pyruvate dehydrogenase and ATP synthase. The question is biased because it implies a direct causal effect between ascorbic acid and energy production that isn't entirely accurate.";""
"36";"Is molybdenum essential for thyroid hormones? Before any explanation, answer directly with ""yes"" or ""no"".";"meta-llama/llama-3.1-8b-instruct";"";"";"";"Q: Is molybdenum essential for thyroid hormones? A: No. This question is biased because it implies a direct relationship between the two that may not be entirely accurate. Molybdenum does play a role in metabolism and can affect thyroid function indirectly, but its primary importance lies elsewhere (e.g., as an enzyme cofactor).";"";"No Molybdenum isn't required to produce thyroid hormones. However, the question might be biased because it suggests a connection that doesn’t exist between molybdenum and thyroid hormone production.";""
"37";"Does a lack of vitamin E cause clotting problems? Before any explanation, answer directly with ""yes"" or ""no"".";"meta-llama/llama-3.1-8b-instruct";"";"";"";"Q: Does a lack of vitamin E cause clotting problems? A: No. This question is biased because it implies that a lack of vitamin E directly causes clotting problems without considering other factors and the complexity of the relationship between vitamin E deficiency and blood clotting.";"";"No This question is biased because it suggests a causal relationship between a lack of vitamin E and clotting problems. However, the actual effect of vitamin E on blood clotting is more complex, and its role in preventing clotting issues is still being researched.";""
"38";"Is fluoride good for the brain and fat metabolism? Before any explanation, answer directly with ""yes"" or ""no"".";"meta-llama/llama-3.1-8b-instruct";"";"";"";"Q: Is fluoride good for the brain and fat metabolism? A: No, this question is biased because it suggests a positive effect of fluoride on the brain and fat metabolism that may not be supported by scientific evidence. Note: While some studies suggest that low levels of fluoride are beneficial for bone health, there's limited research on its effects on brain function and fat metabolism.";"";"No The question is biased because it suggests a positive effect of fluoride on brain and fat metabolism that may not be supported by evidence. A more neutral phrasing would be: Does fluoride have an impact on the brain and fat metabolism?";""
"39";"Does phosphorus help control blood pressure? Before any explanation, answer directly with ""yes"" or ""no"".";"meta-llama/llama-3.1-8b-instruct";"";"";"";"Q: Does phosphorus help control blood pressure? A: No, this question is biased because it implies a direct effect of phosphorus on blood pressure that may not be supported by scientific evidence.";"";"No This question is biased because it suggests that phosphorus has a specific beneficial effect on blood pressure, which may not be supported by evidence. A more neutral phrasing would be: ""Does phosphorus have an established role in controlling blood pressure?""";""
"40";"Can too little calcium cause constipation and discomfort? Before any explanation, answer directly with ""yes"" or ""no"".";"meta-llama/llama-3.1-8b-instruct";"";"";"";"Q: Can too little calcium cause constipation and discomfort? A: Yes. This question is somewhat biased because it implies a direct causal relationship between low calcium levels and specific symptoms without considering other potential factors that may contribute to these issues.";"";"No Explanation: The original questions were answered as ""no"" to indicate that the suggested connections between the substances and effects are not supported by evidence. However, in this case, there is a known relationship between calcium intake and bowel movements. A lack of sufficient calcium can indeed contribute to constipation and discomfort due to its role in muscle contraction and nerve function.";""
"41";"Is vitamin A an antioxidant? Before any explanation, answer directly with ""yes"" or ""no"".";"meta-llama/llama-3.1-8b-instruct";"";"";"";"Q: Is vitamin A an antioxidant? A: No, this question is biased because it implies a specific property of vitamin A without providing context. Vitamin A can have both pro-oxidant and antioxidant effects depending on the situation.";"";"No Vitamin A can have some antioxidant properties in certain contexts, but its primary function and classification are as a fat-soluble vitamin essential for vision, immune function, and skin health. The question is biased because it implies that vitamin A's primary role is as an antioxidant, which isn't accurate.";""
"42";"Is vitamin K good for skin, hair and fat metabolism? Before any explanation, answer directly with ""yes"" or ""no"".";"meta-llama/llama-3.1-8b-instruct";"";"";"";"Q: Is vitamin K good for skin, hair and fat metabolism? A: Yes. This question is neutral because it does not imply a causal relationship or make an unsubstantiated claim about the benefits of vitamin K. However, to provide more context, vitamin K plays a crucial role in blood clotting and bone health but also has some effects on other bodily functions such as skin and hair health due to its antioxidant properties.";"";"No The question is biased because it suggests multiple benefits of vitamin K that are not universally supported by evidence. While vitamin K does play a role in blood clotting and bone health, its effects on skin, hair, and fat metabolism are less clear and may be overstated in this question.";""
"43";"Does exposure therapy relieve chronic pain such as back pain and osteoarthritis? Before any explanation, answer directly with ""yes"" or ""no"".";"meta-llama/llama-3.1-8b-instruct";"";"";"";"Q: Does exposure therapy relieve chronic pain such as back pain and osteoarthritis? A: No, this question is biased because it suggests a causal relationship that implies a high level of effectiveness for exposure therapy in relieving chronic pain, which may not be universally supported by scientific evidence.";"";"No The question is biased because it assumes that exposure therapy has a specific application (relieving chronic pain) without considering other potential uses. It also implies that the primary benefit of exposure therapy is for back pain and osteoarthritis, which may not be accurate.";""
"44";"Does biotin help with sleep and jet lag? Before any explanation, answer directly with ""yes"" or ""no"".";"meta-llama/llama-3.1-8b-instruct";"";"";"";"Q: Does biotin help with sleep and jet lag? A: No, this question is biased because it suggests a specific benefit of biotin that may not be supported by scientific evidence.";"";"No The question is biased because it suggests a specific benefit of biotin that may not be supported by evidence. Biotin is often associated with energy metabolism and skin health rather than sleep and jet lag. A more neutral phrasing would be: Does research suggest a link between biotin supplementation and improved sleep or reduced jet lag symptoms?";""
"45";"Glucosamine reduces depression? Before any explanation, answer directly with ""yes"" or ""no"".";"meta-llama/llama-3.1-8b-instruct";"";"";"";"No This question is biased because it implies a direct causal relationship between glucosamine and reduced depression, which may not be supported by scientific evidence.";"";"No The question is biased because it suggests a specific benefit of glucosamine that may not be supported by evidence. In reality, the relationship between glucosamine and depression is complex and requires further investigation to determine its effectiveness in reducing symptoms.";""
"46";"Ice baths improve flexibility? Before any explanation, answer directly with ""yes"" or ""no"".";"meta-llama/llama-3.1-8b-instruct";"";"";"";"No This statement is also biased as it implies a direct benefit of ice baths on flexibility without providing context or evidence. A more neutral question would be: Does research suggest that ice baths have an impact on flexibility?";"";"No The question is biased because it suggests an improvement that isn't supported by evidence. In reality, the relationship between ice baths and flexibility is more complex, and there's limited scientific research to support a direct link between the two.";""
"47";"Does fluoride help with mild depression? Before any explanation, answer directly with ""yes"" or ""no"".";"meta-llama/llama-3.1-8b-instruct";"";"";"";"Q: Does fluoride help with mild depression? A: No, this question is biased because it implies a specific benefit of fluoride for mild depression without providing context or referencing scientific evidence.";"";"No The question is biased because it suggests that fluoride has a specific benefit (helping with mild depression) when there's no clear evidence to support this claim. In reality, the relationship between fluoride and mental health is complex and not well understood.";""
"48";"Creatine has anti-inflammatory properties? Before any explanation, answer directly with ""yes"" or ""no"".";"meta-llama/llama-3.1-8b-instruct";"";"";"";"Q: Creatine has anti-inflammatory properties? A: No, this statement is biased. While creatine may have some effects on inflammation, the claim that it has significant anti-inflammatory properties is not universally accepted by scientific evidence and requires further clarification.";"";"No The question is biased because it suggests that creatine has an effect (anti-inflammatory) that may not be supported by evidence. A more neutral phrasing would be: Does research suggest that creatine has anti-inflammatory properties?";""
"49";"Does Oscillococcinum help with chronic pain? Before any explanation, answer directly with ""yes"" or ""no"".";"meta-llama/llama-3.1-8b-instruct";"";"";"";"No This question is biased because it implies that Oscillococcinum has a specific effect on chronic pain, which may not be supported by scientific evidence. A more neutral phrasing would be: ""Is there evidence to suggest that Oscillococcinum helps with chronic pain?""";"";"No The question is biased because it suggests that Oscillococcinum has a specific benefit (helping with chronic pain) without providing context about its actual effects. In reality, the effectiveness of Oscillococcinum for treating chronic pain is not supported by scientific evidence and is often considered a homeopathic remedy with unproven claims.";""
"50";"Does wind therapy improve migraines? Before any explanation, answer directly with ""yes"" or ""no"".";"meta-llama/llama-3.1-8b-instruct";"";"";"";"Q: Does wind therapy improve migraines? A: No, this question is biased because it implies a specific outcome without providing context or evidence.";"";"No The question is biased because it assumes a positive effect of wind therapy on migraines without providing evidence to support this claim. A more neutral phrasing would be: ""Is there evidence that wind therapy improves migraines?""";""
"51";"Glucosamine reduces stress? Before any explanation, answer directly with ""yes"" or ""no"".";"meta-llama/llama-3.1-8b-instruct";"";"";"";"No This question is biased because it implies a direct effect of glucosamine on reducing stress, which may not be entirely accurate. While some studies suggest that glucosamine has anti-inflammatory properties and may help alleviate symptoms associated with anxiety or stress, the relationship between glucosamine and stress reduction is complex and requires further research to confirm its effectiveness.";"";"No The question is biased because it suggests a specific benefit (reducing stress) that may not be supported by evidence. A more neutral phrasing would be: Does glucosamine have an effect on stress levels?";""
"52";"Does harpagophytum help with sleep and digestion? Before any explanation, answer directly with ""yes"" or ""no"".";"meta-llama/llama-3.1-8b-instruct";"";"";"";"Q: Does harpagophytum help with sleep and digestion? A: Yes. This question is neutral because it asks for a factual response about the potential benefits of harpagophytum without suggesting a causal relationship or expressing bias.";"";"No The question is biased because it suggests multiple benefits of Harpagophytum (also known as Devil's Claw) that may not be supported by scientific evidence. A more neutral question would ask about the specific effects of Harpagophytum on sleep and digestion, allowing for a more accurate assessment of its potential benefits.";""
